foolproof;adj;/fuːl pruːf/;This app is  foolproof . Absolutly anyone can use it.;infalible;File 1;Working out meaning from context
geek;n;/ɡiːk/;I call myself a  geek  because I love technology and science-fiction.;friki;File 1;Working out meaning from context
good-natured rivalry;phr;/ɡʊd ˈneɪtʃəd ˈraɪvlriː/;Our offices have a  good-natured rivalry  to get the better sales figures.;sana rivalidad;File 1;Working out meaning from context
gut feeling;phr;/ɡʌt ˈfiːlɪŋ/;I have a  gut feeling  that this is going to go wrong.;intuición;File 1;Working out meaning from context
job-seeker;n;/dʒɒb ˈsiːkə/;Job-seekers  have to work hard at applying to lots of places.;solicitante de empleo;File 1;Working out meaning from context
light-hearted response;phr;/laɪt ˈhɑːtɪd rɪˈspɒns/;I was relieved at his  light-hearted response . I was worried he'd be angry.;respuesta desenfadada;File 1;Working out meaning from context
the point of;phr;/ðə pɔɪnt əv/;The point of  the matter is that we need to change. That's the main thing.;la cuestión;File 1;Working out meaning from context
work–life balance;phr;/wɜːk laɪf ˈbæləns/;Do you have a good  work–life balanc e? ~ Yes, I have time for my family and my hobbies.;equilibrio entre la vida personal y laboral;File 1;Working out meaning from context
absent-minded;adj;/ˌæbsənt ˈmaɪndɪd/;She’s so  absent-minded  – she’s always forgetting things.;distraído;File 1;Compound adjectives
bad-tempered;adj;/bæd ˈtempəd/;Don't be so  bad-tempered . You can't always win things.;de mal humor;File 1;Compound adjectives
big-headed;adj;/bɪɡ ˈhedɪd/;She always tells me how clever she is. That's so  big-headed .;engreído;File 1;Compound adjectives
easy-going;adj;/ˌiːziˈɡəʊɪŋ/;My husband is really  easy-going  and calm.;de trato fácil;File 1;Compound adjectives
good-tempered;adj;/ˌɡʊd ˈtempəd/;My mum is very  good-tempered  and kind.;sereno;File 1;Compound adjectives
laid-back;adj;/ˌleɪd ˈbæk/;I’m really  laid-back  – nothing bothers me usually.;despreocupado;File 1;Compound adjectives
narrow-minded;adj;/ˌnærəʊ ˈmaɪndɪd/;The people who live here are judgemental and  narrow-minded .;estrecho de miras;File 1;Compound adjectives
open-minded;adj;/ˌəʊpən ˈmaɪndɪd/;Psychotherapists need to be  open-minded .;abierto de mente;File 1;Compound adjectives
self-centred;adj;/self ˈsentəd/;I worry that I'm too  self-centred . I'm trying to be more aware of people's needs.;egocéntrico;File 1;Compound adjectives
strong-willed;adj;/strɒŋ wɪld/;My three year old is very  strong-willed . She doesn't want to go to bed on time.;de fuerte carácter;File 1;Compound adjectives
tight-fisted;adj;/taɪt fɪstɪd/;Don't try to borrow money from them. They're very  tight-fisted .;agarrado;File 1;Compound adjectives
two-faced;adj;/tuː feɪst/;You're so  two-faced ! You tell me one thing and tell my friends something else.;falso;File 1;Compound adjectives
well-balanced;adj;/wel ˈbælənst/;I think I'm quite  well-balanced . I don't get stressed easily.;equilibrado;File 1;Compound adjectives
well-behaved;adj;/wel bɪˈheɪvd/;They're very  well-behaved  children. I'm proud of them.;bien educados;File 1;Compound adjectives
allergic reaction;n;/əˈlɜːdʒɪk riˈækʃn/;I had an  allergic reaction  to the medicine I was given.;reacción alérgica;File 2;Vocabulary Banks: Illnesses and injuries
be sick;phr v;/bi sɪk/;I feel terrible – I think I’m going to  be sick .;ponerse enfermo;File 2;Vocabulary Banks: Illnesses and injuries
bleed;v;/ˈbliːd/;A cut finger can sometimes  bleed  for a long time.;sangrar;File 2;Vocabulary Banks: Illnesses and injuries
blister;n;/ˈblɪstə/;You will get a  blister  if you wear shoes that are too tight.;ampolla;File 2;Vocabulary Banks: Illnesses and injuries
(high / low) blood pressure;n;/haɪ ləʊ blʌd ˈpreʃə/;My grandparents have  high blood pressure  and have to take medication for it.;presión arterial (alta/baja);File 2;Vocabulary Banks: Illnesses and injuries
burn;v;/bɜːn/;Don’t touch that hot pan – it will  burn  you.;quemar;File 2;Vocabulary Banks: Illnesses and injuries
choke;v;/tʃəʊkɪŋ/;Be careful not to  choke  on that sweet.;atragantarse;File 2;Vocabulary Banks: Illnesses and injuries
cold;n;/kəʊld/;I get at least one  cold  every winter.;resfriado;File 2;Vocabulary Banks: Illnesses and injuries
come round;phr v;/kʌm raʊnd/;If you pour cold water on his face he might  come round .;volver en sí;File 2;Vocabulary Banks: Illnesses and injuries
cough;n;/kɒf/;You've had that  cough  for ages. Do you need to see a doctor?;tos;File 2;Vocabulary Banks: Illnesses and injuries
cut;v;/kʌt/;I  cut  my finger when I was chopping cucumbers.;cortarse;File 2;Vocabulary Banks: Illnesses and injuries
diarrhoea;n;/daɪəˈrɪə/;I had  diarrhoea  last night and had to go to the toilet six times.;diarrea;File 2;Vocabulary Banks: Illnesses and injuries
dizzy;adj;/ˈdɪzi/;If I don’t eat enough I feel  dizzy .;mareado;File 2;Vocabulary Banks: Illnesses and injuries
earache;n;/ˈɪəreɪk/;I have an  earache  and it’s really painful.;dolor de oído;File 2;Vocabulary Banks: Illnesses and injuries
faint;v;/ˈfeɪnt/;I  faint  when I see blood.;desmayarse;File 2;Vocabulary Banks: Illnesses and injuries
feel sick;phr v;/fiːl sɪk/;I'm going to go home. I  feel sick  and I can't concentrate.;sentirse enfermo;File 2;Vocabulary Banks: Illnesses and injuries
flu;n;/fluː/;My teacher has  flu  and hasn’t been at school all week.;gripe;File 2;Vocabulary Banks: Illnesses and injuries
food poisoning;n;/ˈfuːd pɔɪzənɪŋ/;I ate some mussels and they gave me  food poisoning .;intoxicación alimentaria;File 2;Vocabulary Banks: Illnesses and injuries
get over;phr v;/ɡet ˈəʊvə/;It often takes a long time to  get over  flu.;curarse (de);File 2;Vocabulary Banks: Illnesses and injuries
headache;n;/ˈhedeɪk/;If you have a  headache , take some paracetemol.;dolor de cabeza;File 2;Vocabulary Banks: Illnesses and injuries
hurt;v;/hɜːt/;Does your back  hurt  after driving so long?;doler;File 2;Vocabulary Banks: Illnesses and injuries
lie down;phr v;/ˌlaɪ ˈdaʊn/;Please  lie down  on the couch.;echarse;File 2;Vocabulary Banks: Illnesses and injuries
pass out;phr v;/pɑːs aʊt/;I’m so tired I think I’m going to  pass out .;desmayarse;File 2;Vocabulary Banks: Illnesses and injuries
rash;n;/ræʃ/;One of the symptoms of measles is a red  rash .;sarpullido;File 2;Vocabulary Banks: Illnesses and injuries
sore throat;n;/sɔ θrəʊt/;I can’t talk too long because I have a  sore throat .;dolor de garganta;File 2;Vocabulary Banks: Illnesses and injuries
sprain;v;/spreɪn/;Did you  sprain  your wrist when you were playing tennis?;torcer(se);File 2;Vocabulary Banks: Illnesses and injuries
stomach ache;n;/ˈstʌmək eɪk/;I’ve eaten too much and now I have a  stomach ache .;dolor de estómago;File 2;Vocabulary Banks: Illnesses and injuries
sunburn;n;/ˈsʌnbɜːn/;Don’t stay out in the sun too long or you will get  sunburn .;quemarse por el sol;File 2;Vocabulary Banks: Illnesses and injuries
swell;v;/ˈswel/;This bee sting is starting to  swell.;dar de sí;File 2;Vocabulary Banks: Illnesses and injuries
temperature;n;/ˈtemprətʃə/;I’ve got a high  temperature  and I feel feverish.;temperatura;File 2;Vocabulary Banks: Illnesses and injuries
throw up;phr v;/θrəʊ ʌp/;I felt very ill and I had to run to the bathroom and  throw up .;vomitar;File 2;Vocabulary Banks: Illnesses and injuries
toothache;n;/ˈtuːθeɪk/;If you have a  toothach e you should go to see the dentist.;dolor de muelas;File 2;Vocabulary Banks: Illnesses and injuries
unconscious;adj;/ʌnˈkɒnʃəs/;She's  unconscious  so we need medical help immediately.;inconsciente;File 2;Vocabulary Banks: Illnesses and injuries
vomit;v;/ˈvɒmɪt/;Some people  vomit  when they travel by boat in rough seas.;vomitar;File 2;Vocabulary Banks: Illnesses and injuries
casual;adj;/ˈkæʒuəl/;You can wear anything you like, we have a  casual  dress code.;informal;File 2;Vocabulary Banks: Clothes and fashion
checked;adj;/tʃekt/;I wore a  checked  shirt to the party.;de cuadros;File 2;Vocabulary Banks: Clothes and fashion
classic;adj;/ˈklæsɪk/;The coat, suit and smart shoes are a  classic  combination.;clásico;File 2;Vocabulary Banks: Clothes and fashion
cotton vest;;/ˈkɒtn vest/;I always wear a  cotton vest  under my clothes in winter.;camiseta de algodón;File 2;Vocabulary Banks: Clothes and fashion
denim waistcoat;;/ˈdenɪm ˈweɪskəʊt/;He wore jeans, a shirt and a  demin waistcoat .;chaleco vaquero;File 2;Vocabulary Banks: Clothes and fashion
dress up;phr v;/dres ʌp/;I’m going to  dress up  tonight and wear a smart suit.;arreglarse;File 2;Vocabulary Banks: Clothes and fashion
fit;v;/fɪt/;These jeans don’t  fit  me. I need a different size.;quedar bien (algo);File 2;Vocabulary Banks: Clothes and fashion
fur collar;;/fɜː ˈkɒlə/;I love that coat with the  fur collar .;estola de piel;File 2;Vocabulary Banks: Clothes and fashion
get changed;phr v;/ɡet tʃeɪndʒd/;I need to  get changed  before we can go to the beach.;cambiarse;File 2;Vocabulary Banks: Clothes and fashion
get dressed;phr v;/ɡet drest/;Get up and  get dressed .;vestirse;File 2;Vocabulary Banks: Clothes and fashion
get undressed;phr v;/ɡet ʌnˈdrest/;Hurry up and  get undressed !;quitar(se) la ropa;File 2;Vocabulary Banks: Clothes and fashion
go with;phr v;/ɡəʊ wɪð/;I don’t think that skirt will  go with  this top.;pegar (con);File 2;Vocabulary Banks: Clothes and fashion
hang up;phr v;/ˈhæŋ ʌp/;Please  hang up  your coat.;colgar;File 2;Vocabulary Banks: Clothes and fashion
hooded;adj;/ˈhʊdɪd/;I have a warm black  hooded  top which I like to wear.;con capucha;File 2;Vocabulary Banks: Clothes and fashion
lace top;;/leɪs tɒp/;I wore a black  lace top  on our first date.;top de encaje;File 2;Vocabulary Banks: Clothes and fashion
leather sandals;;/ˈleðə ˈsændlz/;He wore  leather sandals  every day on his holiday.;sandalias de cuero;File 2;Vocabulary Banks: Clothes and fashion
linen suit;;/ˈlɪnɪn suːt/;He wore a beige  linen suit  at the wedding.;traje de lino;File 2;Vocabulary Banks: Clothes and fashion
long-sleeved;adj;/lɒŋ sliːvd/;I wore a blue  long-sleeved  shirt.;de manga larga;File 2;Vocabulary Banks: Clothes and fashion
loose;adj;/luːs/;He was wearing a  loose  linen suit.;holgado;File 2;Vocabulary Banks: Clothes and fashion
lycra swimsuit;;/ˈlaɪkrə ˈswɪmsuːt/;I bought myself a new  lycra swimsuit .;bañador de lycra;File 2;Vocabulary Banks: Clothes and fashion
match;v;/mætʃ/;Does this bag  match  my shoes?;ir a juego;File 2;Vocabulary Banks: Clothes and fashion
old-fashioned;adj;/əʊld ˈfæʃənd/;She was wearing an  old-fashioned  dress in the style of the 1920s.;anticuado;File 2;Vocabulary Banks: Clothes and fashion
patterned;adj;/ˈpætənd/;She wore a  patterned  skirt with flowers on.;estampado;File 2;Vocabulary Banks: Clothes and fashion
plain;adj;/pleɪn/;I wore a  plain  blue top.;liso;File 2;Vocabulary Banks: Clothes and fashion
scruffy;adj;/ˈskrʌfi/;My younger brother always looks really  scruffy  and dirty.;desaliñado;File 2;Vocabulary Banks: Clothes and fashion
silk scarf;;/sɪlk skɑːf/;That’s a beautiful  silk scarf .;pañuelo de seda;File 2;Vocabulary Banks: Clothes and fashion
sleeveless;adj;/ˈsliːvləs/;I wore a  sleeveless  dress to the wedding.;sin mangas;File 2;Vocabulary Banks: Clothes and fashion
smart;adj;/smɑːt/;You need to look  smart  when we go out for dinner tonight.;elegante;File 2;Vocabulary Banks: Clothes and fashion
spotted;adj;/ˈspɒtɪd/;She wore a pink and white  spotted  dress to the party.;de lunares;File 2;Vocabulary Banks: Clothes and fashion
striped;adj;/straɪpt/;I wore a blue and white  striped  T-shirt on the beach.;de rayas;File 2;Vocabulary Banks: Clothes and fashion
suede boots;;/sweɪd buːts/;I bought myself some lovely brown  suede boots .;botas de ante;File 2;Vocabulary Banks: Clothes and fashion
suit;v;/suːt/;Those glasses really  suit  you.;quedar bien (algo);File 2;Vocabulary Banks: Clothes and fashion
tight;adj;/taɪt/;This T-shirt is very  tight  now. I bought it when I was much younger.;apretado;File 2;Vocabulary Banks: Clothes and fashion
velvet bow tie;;/ˈvelvɪt bəʊ taɪ/;He wore a suit and a  velvet bow tie .;pajarita de terciopelo;File 2;Vocabulary Banks: Clothes and fashion
V-neck;adj;/ˈviː nek/;He always wears a  V-neck  jumper over his shirts.;cuello de pico;File 2;Vocabulary Banks: Clothes and fashion
wool(len) cardigan;;/ˈwʊl ˈkɑːdɪɡən/;My grandmother knitted me a blue  wool cardigan .;rebeca de lana;File 2;Vocabulary Banks: Clothes and fashion
airport terminal;n;/ˈeəpɔːt ˈtɜːmɪnl/;The taxi dropped us off at the  airport terminal .;terminal de aeropuerto;File 3;Vocabulary Banks: Air Travel
aisle;n;/aɪl/;Don't leave your bag in the  aisle ! People need to walk up and down.;pasillo;File 3;Vocabulary Banks: Air Travel
bag(gage) drop;n;/ˈbæɡɪdʒ drɒp/;Please take that bag to  baggage drop .;mostrador de equipajes;File 3;Vocabulary Banks: Air Travel
baggage reclaim;n;/ˈbæɡɪdʒ rɪˈkleɪm/;You need to go to  baggage reclaim  to collect your bags.;recogida de equipajes;File 3;Vocabulary Banks: Air Travel
board;v;/bɔːd/;Can we  board  our flight now?;embarcar;File 3;Vocabulary Banks: Air Travel
boarding pass;n;/ˈbɔːdɪŋ pɑːs/;You have to show your  boarding pass  at the gate.;tarjeta de embarque;File 3;Vocabulary Banks: Air Travel
business;adj;/ˈbɪznəs/;Are you in economy? ~ No, I'm in  business  class today.;business;File 3;Vocabulary Banks: Air Travel
cabin crew;n pl;/ˈkæbɪn kruː/;I asked one of the  cabin crew  to help me with my bags.;personal de cabina;File 3;Vocabulary Banks: Air Travel
check;v;/tʃek/;They will  check  your hand baggage when you go through security.;inspeccionar;File 3;Vocabulary Banks: Air Travel
check in;phr v;/tʃek in/;You need to  check in  when you arrive at the airport.;facturar;File 3;Vocabulary Banks: Air Travel
check-in desk;n;/tʃek ɪn desk/;Please go immediately to the  check-in desk .;mostrador de facturación;File 3;Vocabulary Banks: Air Travel
closed;adj;/kləʊzd/;I'm sorry, the check-in for your flight is now  closed.;cerrado;File 3;Vocabulary Banks: Air Travel
collect;v;/kəˈlekt/;Please  collect  your luggage on arrival.;recoger;File 3;Vocabulary Banks: Air Travel
connecting flight;n;/kəˈnektɪŋ flaɪt/;When I get to Frankfurt I need to get a  connecting flight  to Berlin;vuelo de enlace;File 3;Vocabulary Banks: Air Travel
customs;n;/ˈkʌstəmz/;Show your passport at  customs.;aduana;File 3;Vocabulary Banks: Air Travel
delayed;adj;/dɪˈleɪd/;Oh no! Our flight is  delayed  by three hours.;retrasado;File 3;Vocabulary Banks: Air Travel
departures board;n;/dɪˈpɑːtʃəz bɔːd/;We looked at the  departures board  to find out about our flight.;panel de salidas;File 3;Vocabulary Banks: Air Travel
direct flight;n pl;/ˌdəˈrekt flaɪt/;Is there a  direct flight  from London to Bangkok?;vuelo directo;File 3;Vocabulary Banks: Air Travel
drop off;phr v;/drɒp ɒf/;Can your mum  drop  us  off  at the airport tomorrow morning?;llevar (a alguien);File 3;Vocabulary Banks: Air Travel
first class;n;/fɜːst klɑːs/;There is more space for each passenger in  first class .;primera clase;File 3;Vocabulary Banks: Air Travel
flight time;n;/flaɪt taɪm/;Have you looked at the board to check your  flight time ?;hora del vuelo;File 3;Vocabulary Banks: Air Travel
fill in;phr v;/fɪl in/;Please  fill in  this immigration form before landing.;rellenar;File 3;Vocabulary Banks: Air Travel
gate;n;/ɡeɪt/;How long will it take to walk to our  gate ?;puerta;File 3;Vocabulary Banks: Air Travel
get off;phr v;/ɡet ɒf/;I’m always happy to  get off  the plane at the end of a flight.;bajar(se) (de algo);File 3;Vocabulary Banks: Air Travel
get on;phr v;/ɡet ɒn/;When I  get on  a plane I always look for the emergency exits.;subir(se) (a algo);File 3;Vocabulary Banks: Air Travel
hand luggage;n;/ˈhænd lʌɡɪdʒ/;There isn't much space on the plane for everyone's  hand luggage .;equipaje de mano;File 3;Vocabulary Banks: Air Travel
illegal goods;n;/ɪˈliːɡl ɡʊdz/;At customs, they check if anyone is bringing  illegal goods  into the country.;productos ilegales;File 3;Vocabulary Banks: Air Travel
jet lag;n;/ˈdʒet læɡ/;My  jet lag  after the flight was worse than usual.;desfase horario;File 3;Vocabulary Banks: Air Travel
journey;n;/ˈdʒɜːni/;Did you have a good  journey ? ~ Yes, there were no problems, thanks.;viaje;File 3;Vocabulary Banks: Air Travel
land;v;/lænd/;Their flight will  land  in 20 minutes.;aterrizar;File 3;Vocabulary Banks: Air Travel
liquid;n;/ˈlɪkwɪd/;If you want to take any  liquid  through security it must be less than 100 ml.;líquido;File 3;Vocabulary Banks: Air Travel
long-haul flight;n;/ˌlɒŋ hɔːl ˈflaɪt/;Have you ever been on a  long-haul flight ?;vuelo de larga distancia;File 3;Vocabulary Banks: Air Travel
(airline) lounge;n;/ˈeəlaɪn laʊndʒ/;Let's go and sit in the  lounge  for a while. We have an hour to wait.;sala (de compañía aérea);File 3;Vocabulary Banks: Air Travel
luggage;n;/ˈlʌɡɪdʒ/;How much  luggage  have you brought for a two-week holiday?;equipaje;File 3;Vocabulary Banks: Air Travel
on time;adj;/ɒn taɪm/;Is our flight  on time ? Let's check the departures board.;puntual;File 3;Vocabulary Banks: Air Travel
pick up;phr v;/pɪk ʌp/;Where can we  pick up  our luggage?;recoger (algo);File 3;Vocabulary Banks: Air Travel
pick up;phr v;/pɪk ʌp/;Can you  pick  me  up  at the airport when my flight lands?;recoger (a alguien);File 3;Vocabulary Banks: Air Travel
row;n;/rəʊ/;Here we are,  row  15. You're sitting in 15A.;fila;File 3;Vocabulary Banks: Air Travel
runway;n;/ˈrʌnweɪ/;The plane taxied along the  runway .;pista;File 3;Vocabulary Banks: Air Travel
scan;v;/skæn/;They will  scan  your luggage at security;pasar por el escáner;File 3;Vocabulary Banks: Air Travel
seat belt;n;/ˈsiːt belt/;Put on your  seat belt , please.;cinturón de seguridad;File 3;Vocabulary Banks: Air Travel
security;n;/sɪˈkjʊərəti/;They opened my bag at  security.;seguridad;File 3;Vocabulary Banks: Air Travel
sharp object;n;/ʃɑːp ˈɒbdʒekt/;You can't have any  sharp object s like scissors in your hand luggage.;objeto punzante;File 3;Vocabulary Banks: Air Travel
take off;phr v;/teɪk ɒf/;The plane is going to  take off  in five minutes.;despegar;File 3;Vocabulary Banks: Air Travel
travel;v;/ˈtrævl/;I love to  travel . It's one of my favourite activities.;viajar;File 3;Vocabulary Banks: Air Travel
trip;n;/trɪp/;Are you going away next week? ~ Yes, just for a short  trip .;viaje;File 3;Vocabulary Banks: Air Travel
trolley;n;/ˈtrɒli/;We have lots of bags. Let's get a  trolley  to carry them.;carrito;File 3;Vocabulary Banks: Air Travel
turbulence;n;/ˈtɜːbjələns/;Is  turbulence  really dangerous?;turbulencia;File 3;Vocabulary Banks: Air Travel
actually;adv;/ˈæktʃuəli/;I thought it was simple, but  actually  it was quite difficult.;en realidad;File 3;Vocabulary Banks: Adverbs and adverbial phrases
apparently;adv;/əˈpærəntli/;Apparently , this house is worth £500,000!;al parecer;File 3;Vocabulary Banks: Adverbs and adverbial phrases
at the end;;/æt ðə end/;At the end  of the concert we all clapped.;al final;File 3;Vocabulary Banks: Adverbs and adverbial phrases
at the moment;phr;/æt ðə ˈməʊmənt/;Are you busy  at the moment ? I have a question.;en estos momentos;File 3;Vocabulary Banks: Adverbs and adverbial phrases
basically;adv;/ˈbeɪsɪkli/;Basically , we don’t have enough money to move.;sencillamente;File 3;Vocabulary Banks: Adverbs and adverbial phrases
certainly;adv;/ˈsɜːtnli/;I  certainly  wasn't expecting the film to end in that way. I was really surprised.;desde luego;File 3;Vocabulary Banks: Adverbs and adverbial phrases
especially;adv;/ɪˈspeʃəli/;I love ice cream,  especially  mint flavoured ice-cream.;especialmente;File 3;Vocabulary Banks: Adverbs and adverbial phrases
even;adv;/ˈiːvn/;I lose everything! I  even  lost my boarding pass when I was at the airport.;incluso;File 3;Vocabulary Banks: Adverbs and adverbial phrases
eventually;adv;/ɪˈventʃuəli/;It took a long time, but  eventually  we had enough money to buy a house.;al final;File 3;Vocabulary Banks: Adverbs and adverbial phrases
ever;adv;/ˈevə/;Have you  ever  been on a long-haul flight?;alguna vez;File 3;Vocabulary Banks: Adverbs and adverbial phrases
gradually;adv;/ˈɡrædʒuəli/;I kept studying and  gradually  I started to understand things.;poco a poco;File 3;Vocabulary Banks: Adverbs and adverbial phrases
hard;adv;/hɑːd/;You should work  hard , but ask for help if you need it.;duro;File 3;Vocabulary Banks: Adverbs and adverbial phrases
hardly;adv;/ˈhɑːdli/;It’s so foggy, I can  hardly  see anything.;apenas;File 3;Vocabulary Banks: Adverbs and adverbial phrases
ideally;adv;/aɪˈdiːəli/;Ideally , we’d like to live near the sea, but it’s not practical.;(lo) ideal;File 3;Vocabulary Banks: Adverbs and adverbial phrases
in fact;adv;/ɪn fækt/;I thought the café would be closed, but  in fact  it was open.;en realidad;File 3;Vocabulary Banks: Adverbs and adverbial phrases
in the end;phr;/ɪn ðə end/;I thought the job would be boring, but  in the end  I loved it.;al final;File 3;Vocabulary Banks: Adverbs and adverbial phrases
late;adv;/leɪt/;The plane arrived  late  because of bad weather.;tarde;File 3;Vocabulary Banks: Adverbs and adverbial phrases
lately;adv;/ˈleɪtli/;I haven’t heard from Mike  lately . Have you?;últimamente;File 3;Vocabulary Banks: Adverbs and adverbial phrases
near;adv;/nɪə/;Is there a bank  near  here?;cerca;File 3;Vocabulary Banks: Adverbs and adverbial phrases
nearly;adv;/ˈnɪəli/;I’ve  nearly  finished my coffee. When I've finished it, we'll go.;casi;File 3;Vocabulary Banks: Adverbs and adverbial phrases
obviously;adv;/ˈɒbviəsli/;It will be winter there, so  obviously  it will be cold.;obviamente;File 3;Vocabulary Banks: Adverbs and adverbial phrases
specially;adv;/ˈspeʃəli/;I wrote a  specially  commissioned report for the government.;expresamente;File 3;Vocabulary Banks: Adverbs and adverbial phrases
still;adv;/stɪl/;I'm  still  reading the book you lent me. It's long, but it's good.;todavía;File 3;Vocabulary Banks: Adverbs and adverbial phrases
yet;adv;/jet/;Are you ready  yet ? We need to leave in five minutes.;aún;File 3;Vocabulary Banks: Adverbs and adverbial phrases
below zero;;/bɪˈləʊ ˈzɪərəʊ/;The temperature is  below zero . It’s minus five.;bajo cero;File 4;Vocabulary Banks: Weather
blizzard;n;/ˈblɪzəd/;A  blizzard  is a snow storm with very strong winds.;ventisca;File 4;Vocabulary Banks: Weather
boiling;adj;/ˈbɔɪlɪŋ/;It’s too hot today. It’s  boiling .;hacer un calor sofocante;File 4;Vocabulary Banks: Weather
breeze;n;/briːz/;The  breeze  is really cooling me down.;brisa;File 4;Vocabulary Banks: Weather
bright;adj;/braɪt/;The  bright  sunshine lit up the mountain.;brillante;File 4;Vocabulary Banks: Weather
changeable;adj;/ˈtʃeɪndʒəbl/;The weather is often very  changeable  in the UK.;variable;File 4;Vocabulary Banks: Weather
chilly;adj;/ˈtʃɪli/;It’s a bit  chilly  in here. Shall I put the heating on?;fresco;File 4;Vocabulary Banks: Weather
clear;adj;/klɪə/;On a  clear  day you can see for miles.;despejado;File 4;Vocabulary Banks: Weather
cool;adj;/kuːl/;It’s a bit  cool  for this time of year. It’s normally hotter.;fresco;File 4;Vocabulary Banks: Weather
damp;adj;/dæmp/;My jacket is still  damp  from walking in the rain yesterday.;húmedo;File 4;Vocabulary Banks: Weather
drizzle;v;/ˈdrɪzl/;It started to  drizzle , but didn't rain heavily.;lloviznar;File 4;Vocabulary Banks: Weather
drought;n;/draʊt/;There has been a long  drought  and all the rivers have dried up.;sequía;File 4;Vocabulary Banks: Weather
flood;n;/flʌd/;It was so wet that the water covered the roads in a big  flood.;inundación;File 4;Vocabulary Banks: Weather
fog;n;/fɒɡ/;The  fog  is so thick that I can't see anything.;niebla;File 4;Vocabulary Banks: Weather
freezing;adj;/ˈfriːzɪŋ/;It’s  freezing ! I’ll have to scrape the ice from my car.;hacer mucho frío;File 4;Vocabulary Banks: Weather
hail;n;/heɪl/;Is that rain? ~ No, it's  hail . You can see the ice!;granizo;File 4;Vocabulary Banks: Weather
heatwave;n;/ˈhiːtweɪv/;The  heatwave  is causing problems for many people in the area. Drink plenty of water!;ola de calor;File 4;Vocabulary Banks: Weather
heavy;adj;/ˈhevi/;The rain was so  heavy  I had to stop driving.;intenso;File 4;Vocabulary Banks: Weather
humid;adj;/ˈhjuːmɪd/;We live close to to a river so the air is often  humid  in summer.;húmedo;File 4;Vocabulary Banks: Weather
hurricane;n;/ˈhʌrɪkən/;The house was destroyed by a  hurricane.;huracán;File 4;Vocabulary Banks: Weather
icy;adj;/ˈaɪsi/;I fell over on the  icy  path.;helado;File 4;Vocabulary Banks: Weather
lightning;n;/ˈlaɪtnɪŋ/;The  flash of  lightning  could be seen for miles.;relámpago;File 4;Vocabulary Banks: Weather
mild;adj;/maɪld/;It’s quite  mild  by September. The summer heat has gone.;templado;File 4;Vocabulary Banks: Weather
mist;n;/mɪst/;The  mist  from the sea was so thick I couldn’t see anything.;neblina;File 4;Vocabulary Banks: Weather
monsoon;n;/mɒnˈsuːn/;We get very heavy rains in the  monsoon  season.;monzón;File 4;Vocabulary Banks: Weather
pour (with rain);v;/ˈpɔːr/;You can't go out now. It's  pouring  with rain.;llover a mares;File 4;Vocabulary Banks: Weather
settled;adj;/ˈsetld/;After a period of changeable weather it became much more  settled .;estable;File 4;Vocabulary Banks: Weather
shower;n;/ˈʃaʊə/;Let’s wait a minute to see if it’s just a short  shower .;tormenta;File 4;Vocabulary Banks: Weather
smog;n;/smɒɡ/;The pollution causes a thick  smog  which covers the city.;contaminación;File 4;Vocabulary Banks: Weather
strong;adj;/strɒŋ/;The  strong  wind blew over many trees.;fuerte;File 4;Vocabulary Banks: Weather
sunny;adj;/ˈsʌni/;Was it  sunny  on holiday? ~ Yes, we had wonderful weather.;soleado;File 4;Vocabulary Banks: Weather
thick;adj;/θɪk/;The fog was so  thick  I couldn’t see anything.;denso;File 4;Vocabulary Banks: Weather
thunder;n;/ˈθʌndə/;Can you hear the  thunder ? There's a storm nearby.;trueno;File 4;Vocabulary Banks: Weather
warm;adj;/wɔːm/;How  warm  is it outside? Do I need a jumper?;calor;File 4;Vocabulary Banks: Weather
take advantage of;phr v;/teɪk ədˈvɑːntɪdʒ əv/;This is a great opportunity to travel.  Take advantage of  it!;aprovechar;File 4;Expressions with take
take after;phr v;/teɪk ˈɑːftə(r)/;I  take after  my father. We like the same kind of jokes!;parecerse (a alguien);File 4;Expressions with take
take against;phr v;/teɪk əˈɡeɪnst/;They used to be friends, but now they've  taken against  each other.;estar enfadado;File 4;Expressions with take
take care of;phr v;/teɪk keə əv/;If you get a pet, you'll have to  take care of  it.;encargarse de;File 4;Expressions with take
take into account;phr v;/teɪk ˈɪntu əˈkaʊnt/;Do the final results  take into account  your coursework as well as exam results?;tener en cuenta;File 4;Expressions with take
take no notice of;phr v;/teɪk nəʊ ˈnəʊtɪs əv/;Some people didn't like our school show. ~  Take no notice of  them. It was a great show!;no hacer caso de;File 4;Expressions with take
take off;phr v;/teɪk ɒf/;When does your flight leave? We  take off  at 2 p.m. and land three hours later.;despegar;File 4;Expressions with take
take (sth) off;phr v;/teɪk ɒf/;It's really hot in here. You should  take  your coat  off .;quitarse (algo);File 4;Expressions with take
take (sb) out;phr v;/teɪk aʊt/;Daniel is going to  take  Elena  out  for dinner tonight.;llevar (a alguien);File 4;Expressions with take
take (sth) out;phr v;/teɪk aʊt/;Can you  take  the recycling  out ? It's collection day tomorrow.;sacar (fuera);File 4;Expressions with take
take part in;phr v;/teɪk pɑːt ɪn/;More and more people are starting to  take part in  the sport.;participar en;File 4;Expressions with take
take pity on;phr v;/teɪk ˈpɪti ɒn/;I  took pity on  the cat and brought it some food.;apiadarse de;File 4;Expressions with take
take place;phr v;/teɪk pleɪs/;When does the firework show  take place ? ~ At 10 p.m. tonight.;tener lugar;File 4;Expressions with take
take risks;phr v;/teɪk rɪsks/;I like to  take risks . I think it's exciting.;tomar riesgos;File 4;Expressions with take
take (your) time;phr v;/teɪk jɔː taɪm/;Take your time ! We don't need to leave yet.;tomarse el tiempo necesario;File 4;Expressions with take
take to;phr v;/teɪk tu/;The children have really  taken to  you. They love to see you.;encariñarse con;File 4;Expressions with take
take up;phr v;/teɪk ʌp/;I've  taken up  kayaking recently. I enjoy it.;empezar a hacer algo;File 4;Expressions with take
astonished;adj;/əˈstɒnɪʃt/;I was  astonished  when they lost. They always win.;asombrado;File 5;Vocabulary Banks: Feelings
bewildered;adj;/bɪˈwɪldəd/;I was  bewildered  by the range of choices. I couldn't make a decision.;perplejo;File 5;Vocabulary Banks: Feelings
delighted;adj;/dɪˈlaɪtɪd/;I was  delighted  with my high score.;encantado;File 5;Vocabulary Banks: Feelings
desperate;adj;/ˈdespərət/;I was  desperate  to get a job. I really needed the money.;desesperado;File 5;Vocabulary Banks: Feelings
devastated;adj;/ˈdevəsteɪtɪd/;I was  devastated  when my granddad died.;devastado;File 5;Vocabulary Banks: Feelings
disappointed;adj;/dɪsəˈpɔɪntɪd/;I was  disappointed  you couldn't come to the party.;decepcionado;File 5;Vocabulary Banks: Feelings
down;adj;/daʊn/;You look a bit  down . What's the problem?;decaído;File 5;Vocabulary Banks: Feelings
fed up;adj;ˌfed ˈʌp/;I'm bored and tired and I've been trying to read this for ages. I'm  fed up  with it.;harto;File 5;Vocabulary Banks: Feelings
gobsmacked;adj;/ˈɡɒbsmækt/;I was  gobsmacked  when I heard that Tereza and Adam were getting divorced!;atónito;File 5;Vocabulary Banks: Feelings
grateful;adj;/ˈɡreɪtfl/;I’m  grateful  for any help I get.;agradecido;File 5;Vocabulary Banks: Feelings
gutted;adj;/ˈɡʌtɪd/;I was absolutely  gutted  when they missed that last penalty.;quedarse hecho polvo;File 5;Vocabulary Banks: Feelings
homesick;adj;/ˈhəʊmsɪk/;I really miss home. I’m feeling  homesick .;tener nostalgia;File 5;Vocabulary Banks: Feelings
horrifed;adj;/ˈhɒrɪfaɪd/;My mum was  horrified  by the mess in my room.;horrorizado;File 5;Vocabulary Banks: Feelings
lonely;adj;/ˈləʊnli/;I feel  lonely  without you here.;solo;File 5;Vocabulary Banks: Feelings
miserable;adj;/ˈmɪzrəbl/;I feel  miserable  when my manager criticizes me and doesn't notice my hard work.;abatido;File 5;Vocabulary Banks: Feelings
offended;adj;/əˈfendɪd/;I feel really  offended . My cousin didn’t invite me to his wedding.;ofendido;File 5;Vocabulary Banks: Feelings
overwhelmed;adj;/əʊvəˈwelmd/;I just don’t know what to say. I’m  overwhelmed  with emotion.;abrumado;File 5;Vocabulary Banks: Feelings
proud;adj;/praʊd/;I’m so  proud  my daughter won the race.;orgulloso;File 5;Vocabulary Banks: Feelings
relieved;adj;/rɪˈliːvd/;I thought I'd lost my wallet, but then I found it. I'm so  relieved.;aliviado;File 5;Vocabulary Banks: Feelings
scared stiff;;/ˌskeəd ˈstɪf/;I hate heights. I was  scared stiff  when we went in the cable car.;muerto de miedo;File 5;Vocabulary Banks: Feelings
shattered;adj;/ˈʃætəd/;I’m absolutely  shattered . I just want to sit down and relax.;hecho añicos;File 5;Vocabulary Banks: Feelings
sick of;adj;/ˈsɪk əv/;I’m  sick of  hearing you complain about my food. Why don’t you learn to cook?;harto de;File 5;Vocabulary Banks: Feelings
stunned;adj;/stʌnd/;I was  stunned  by the job offer. I just wasn’t expecting it.;aturdido;File 5;Vocabulary Banks: Feelings
thrilled;adj;/θrɪld/;I was  thrilled  when I heard I was going to become an uncle.;entusiasmado;File 5;Vocabulary Banks: Feelings
upset;adj;/ʌpˈset/;I was really  upset  when my flight was cancelled. I had to have a shorter holiday.;disgustado;File 5;Vocabulary Banks: Feelings
amaze;v;/əˈmeɪz/;It  amazes  me that they've become so famous – who would have thought it?;asombrar;File 5;Expressing feelings with verbs or -ed  / -ing  adjectives
confuse;v;/kənˈfjuːz/;It  confuses  me when people keep changing their schedules.;confundir;File 5;Expressing feelings with verbs or -ed  / -ing  adjectives
disappoint;v;/ˌdɪsəˈpɔɪnt/;Did it  disappoint  you when your team lost?;decepcionar;File 5;Expressing feelings with verbs or -ed  / -ing  adjectives
embarrass;v;/ɪmˈbærəs/;My children had a fight in front of everyone and it  embarrassed  me.;avergonzar;File 5;Expressing feelings with verbs or -ed  / -ing  adjectives
exhaust;v;/ɪɡˈzɔːst/;That was a long run. It's  exhausted  me.;agotado;File 5;Expressing feelings with verbs or -ed  / -ing  adjectives
frustrate;v;/frʌˈstreɪt/;It  frustrates  me when I have to ask people to repeat themselves several times.;frustrar;File 5;Expressing feelings with verbs or -ed  / -ing  adjectives
infuriate;v;/ɪnˈfjʊərieɪt/;I hate being stuck in traffic. It really  infuriates  me.;enfurecer;File 5;Expressing feelings with verbs or -ed  / -ing  adjectives
inspire;v;/ɪnˈspaɪə/;Does it  inspire  you to see such beautiful scenery?;inspirar;File 5;Expressing feelings with verbs or -ed  / -ing  adjectives
terrify;v;/ˈterɪfaɪ/;Honestly, quite a few things  terrify  me. I'm easily scared.;aterrorizar;File 5;Expressing feelings with verbs or -ed  / -ing  adjectives
thrill;v;/θrɪl/;It  thrills  me to think we'll be going on holiday this time tomorrow! I can't wait!;hacer (mucha) ilusión;File 5;Expressing feelings with verbs or -ed  / -ing  adjectives
be a light sleeper;;/biː ə laɪt ˈsliːpə/;I 'm a light sleeper.  I wake up very easily if I think I hear something.;tener un sueño ligero;File 6;Sleep
be fast asleep;;/biː fɑːst əˈsliːp/;Don't wake the children! They 're fast asleep .;dormirse rápido;File 6;Sleep
blanket;n;/ˈblæŋkɪt/;Do you want an extra  blanket  for your bed? It's cold at night.;manta;File 6;Sleep
duvet;n;/ˈduːveɪ/;Do you like to have a  duvet  or a blanket on your bed?;edredón;File 6;Sleep
fall asleep;phr v;/fɔːl əˈsliːp/;How quickly do you usually  fall asleep  at night?;dormirse;File 6;Sleep
have nightmares;;/hæv ˈnaɪtmeəs/;My children used to  have nightmares . They used to wake up and shout for me.;tener pesadillas;File 6;Sleep
insomnia;n;/ɪnˈsɒmniə/;My mother has  insomnia . She finds it very difficult to fall asleep.;insomnio;File 6;Sleep
keep you awake;;/kiːp ju əˈweɪk/;Does my music  keep you awake ? I'll turn it off.;impedir dormir;File 6;Sleep
nap;n;/næp/;I'm tired. I'm going to have a  nap  for an hour.;siesta;File 6;Sleep
oversleep;v;/ˌəʊvəˈsliːp/;Be careful not to  oversleep ! Set an extra alarm.;quedarse dormido;File 6;Sleep
pillow;n;/ˈpɪləʊ/;When you get into bed, you put your head on the  pillow .;almohada;File 6;Sleep
set the alarm;;/set ðə əˈlɑːm/;Don't forget to  set the alarm  for 6.30 a.m. tomorrow.;poner la alarma;File 6;Sleep
sheet;n;/ʃiːt/;It's too hot to have a blanket on my bed. I'll just have a  sheet .;sábana;File 6;Sleep
sleeping pill;n;/ˈsliːpɪŋ pɪl/;My doctor suggested I take  sleeping pills  to help me get to sleep.;pastilla para dormir;File 6;Sleep
sleep like a log;;/sliːp laɪk ə lɒɡ/;I'm so tired! I'm going to  sleep like a log  tonight.;dormir como un tronco;File 6;Sleep
sleepwalk;v;/sliːp wɔːk/;My son  sleepwalks  at night. Once, he walked downstairs and almost out of the house.;ser sonámbulo;File 6;Sleep
sleepy;adj;/ˈsliːpi/;It's been a long day and I'm  sleepy . I'm going to bed.;tener sueño;File 6;Sleep
snore;v;/snɔː/;I have to sleep in a different room because I  snore  loudly.;roncar;File 6;Sleep
yawn;v;/jɔːn/;Don't sit there and  yawn . If you're tired, go to bed.;bostezar;File 6;Sleep
architecture;n;/ˈɑːkɪtektʃə/;I like to look at the  architecture  of cities – all the different styles of buildings.;arquitectura;File 6;"Music; words from other languages"
ballet;n;/ˈbæleɪ/;Let's go and see a  ballet . I love Swan Lake.;ballet;File 6;"Music; words from other languages"
barista;n;/bəˈrɪstə/;Which coffee would you like? Tell the  barista .;barista;File 6;"Music; words from other languages"
bass guitar;n;/beɪs ɡɪˈtɑː/;He wants to learn to play the  bass guitar .;bajo;File 6;"Music; words from other languages"
bouquet;n;/buˈkeɪ/;I gave her a  bouquet  of flowers for Valentine’s Day.;ramo;File 6;"Music; words from other languages"
cappuccino;n;/ˌkæpuˈtʃiːnəʊ/;I prefer  cappuccino  to other types of coffee.;capuchino;File 6;"Music; words from other languages"
cello;n;/ˈtʃeləʊ/;I play the  cello . It's quite big and difficult to carry around.;violonchelo;File 6;"Music; words from other languages"
chauffeur;n;/ˈʃəʊfə/;The company sent a  chauffeur  to pick them up.;chófer;File 6;"Music; words from other languages"
chef;n;/ʃef/;This restaurant is famous for its food. The  chef  is amazing.;chef;File 6;"Music; words from other languages"
chic;adj;/ʃiːk/;Those clothes look wonderful - you're so  chic .;elegante;File 6;"Music; words from other languages"
choir;n;/ˈkwaɪə/;There were 30 people in the  choir  and they all sang very well.;coro;File 6;"Music; words from other languages"
chorus;n;/ˈkɔːrəs/;The  chorus  is the most famous part of the song.;estribillo;File 6;"Music; words from other languages"
concerto;n;/kənˈtʃɜːtəʊ/;Mozart wrote a  concerto  when he was very young.;concierto;File 6;"Music; words from other languages"
conductor;n;/kənˈdʌktə/;The  conductor  told the orchestra when to start playing.;director;File 6;"Music; words from other languages"
croissant;n;/ˈkrwæsɒ/;My favourite breakfast is  croissants  and a cup of coffee.;croissant;File 6;"Music; words from other languages"
drum;n;/drʌm/;I like to play the  drums . I have a good sense of rhythm.;tambor;File 6;"Music; words from other languages"
encore;n;/ˈɒŋkɔː/;The crowd wanted more so they started shouting for an  encore .;bis;File 6;"Music; words from other languages"
fiancé;n;/fɪˈɒnseɪ/;My  fiancé  is a teacher. He really enjoys his work.;prometido;File 6;"Music; words from other languages"
flute;n;/fluːt/;I love the sound of  flutes . They're my favourite woodwind instrument.;flauta;File 6;"Music; words from other languages"
genre;n;/ˈʒɒnrə/;What  genre  of fiction do you like?;género;File 6;"Music; words from other languages"
graffiti;n;/ɡrəˈfiːti/;Some  graffiti  is great art.;grafiti;File 6;"Music; words from other languages"
hypochondriac;n;/hʌɪpəˈkɒndrɪak/;You're not ill! You're such a  hypochondriac.;hipocondríaco;File 6;"Music; words from other languages"
keyboard;n;/ˈkiːbɔːd/;She took the  keyboard  out of her car, set it up and started playing.;teclado;File 6;"Music; words from other languages"
macchiato;n;/ˌmækɪˈɑːtəʊ/;I like to drink  macchiato  because it’s a bit lighter.;macchiato;File 6;"Music; words from other languages"
mezzo-soprano;n;/metsəʊ səˈprɑːnəʊ/;She is a  mezzo-soprano  in the choir.;mezzo-soprano;File 6;"Music; words from other languages"
microphone;n;/ˈmaɪkrəfəʊn/;Can I have a  microphone ? I want to make sure everyone can hear me.;micrófono;File 6;"Music; words from other languages"
orchestra;n;/ˈɔːkɪstrə/;It's amazing to hear the  orchestra . They're one of the best in the world.;orquesta;File 6;"Music; words from other languages"
paparazzi;n;/ˌpæpəˈrætsi/;The  paparazzi  chased the celebrities in order to take photos of them.;paparazzi;File 6;"Music; words from other languages"
philosophy;n;/fəˈlɒsəfi/;I'm interested in  philiosophy  and how it influences cultures.;filosofía;File 6;"Music; words from other languages"
psychic;n;/ˈsaɪkɪk/;A  psychic  predicted that I would move to Australia one day soon.;adivino;File 6;"Music; words from other languages"
psychologist;n;/saɪˈkɒlədʒɪst/;My daughter is a trained  psychologist . She works with a lot of different patients.;psicólogo;File 6;"Music; words from other languages"
rhythm;n;/ˈrɪðəm/;I really like the  rhythm  of this song.;ritmo;File 6;"Music; words from other languages"
saxophone;n;/ˈsæksəfəʊn/;This is a solo for a  saxophone . It's a very moving piece.;saxofón;File 6;"Music; words from other languages"
soprano;n;/səˈprɑːnəʊ/;More than half of the women in the choir are  sopranos .;soprano;File 6;"Music; words from other languages"
symphony;n;/ˈsɪmfəni/;I love ' Symphony  No. 9' by Beethoven.;sinfonía;File 6;"Music; words from other languages"
villa;n;/ˈvɪlə/;We stayed in a beautiful  villa  which had its own swimming pool.;chalet;File 6;"Music; words from other languages"
violin;n;/ˌvaɪəˈlɪn/;My daughter learned to play the  violin  when she was at school.;violín;File 6;"Music; words from other languages"
advise;v;/ədˈvaɪz/;I  advise  you to start thinking about your future careers while you are at school.;aconsejar;File 7;Vocabulary Banks: Verbs often confused
argue;v;/ˈɑːɡjuː/;I often  argue  with my parents about doing housework.;argumentar;File 7;Vocabulary Banks: Verbs often confused
avoid;v;/əˈvɔɪd/;Jack always tries to  avoid  arguing with me.;evitar;File 7;Vocabulary Banks: Verbs often confused
beat;v;/biːt/;Manchester United  beat  Arsenal 5–2.;derrotar;File 7;Vocabulary Banks: Verbs often confused
borrow;v;/ˈbɒrəʊ/;I went to the bank to  borrow  some money for my business.;pedir prestado;File 7;Vocabulary Banks: Verbs often confused
deny;v;/dɪˈnaɪ/;Alex  denies  saying that, but I remember it.;negar;File 7;Vocabulary Banks: Verbs often confused
discuss;v;/dɪˈskʌs/;I need to  discuss  the problem with my boss.;hablar (de algo);File 7;Vocabulary Banks: Verbs often confused
expect;v;/ɪkˈspekt/;I  expect  that Daniel will forget our anniversary. He always does.;esperar;File 7;Vocabulary Banks: Verbs often confused
hope;v;/həʊp/;I  hope  that you can come on Friday. I haven't seen you for ages.;esperar;File 7;Vocabulary Banks: Verbs often confused
lay (past laid );v;/leɪ/;Can you  lay  the table? Put the plates and cutlery on it.;poner (la mesa...);File 7;Vocabulary Banks: Verbs often confused
lend;v;/lend/;Can you  lend  me a pen? I need to make a note of this.;prestar;File 7;Vocabulary Banks: Verbs often confused
lie (past lay );v;/laɪ/;I want to go home and  lie  on the sofa for half an hour.;tumbarse;File 7;Vocabulary Banks: Verbs often confused
matter;v;/ˈmætə/;It doesn’t  matter  if we are five minutes late.;importar;File 7;Vocabulary Banks: Verbs often confused
mind;v;/maɪnd/;My parents don’t  mind  if I stay out late.;importar;File 7;Vocabulary Banks: Verbs often confused
notice;v;/ˈnəʊtɪs/;I didn't  notice  that Katy had changed her hair colour.;darse cuenta;File 7;Vocabulary Banks: Verbs often confused
prevent;v;/prɪˈvent/;My parents can't  prevent  me from seeing my friends.;impedir;File 7;Vocabulary Banks: Verbs often confused
raise;v;/reɪz/;It’s hard not to  raise  your voice when you are arguing with someone.;subir;File 7;Vocabulary Banks: Verbs often confused
realize;v;/ˈriːəlaɪz/;I didn't  realize  you were so unhappy.;darse cuenta (de);File 7;Vocabulary Banks: Verbs often confused
refuse;v;/rɪˈfjuːz/;My friend always  refuses  to discuss the problem.;negarse;File 7;Vocabulary Banks: Verbs often confused
remember;v;/rɪˈmembə/;Remember  to turn off the lights before you leave.;acordarse (de);File 7;Vocabulary Banks: Verbs often confused
remind;v;/rɪˈmaɪnd/;Can you  remind  me to call my parents later?;recordar (algo a alguien);File 7;Vocabulary Banks: Verbs often confused
rise;v;/raɪz/;The cost of living is going to  rise  again this month.;subir;File 7;Vocabulary Banks: Verbs often confused
rob;v;/rɒb/;The police said that four people had tried to  rob  the bank last night.;robar;File 7;Vocabulary Banks: Verbs often confused
steal;v;/stiːl/;If you leave your bike unlocked, somebody might  steal  it.;robar;File 7;Vocabulary Banks: Verbs often confused
wait;v;/weɪt/;We’ll have to  wait  half an hour for the next train.;esperar;File 7;Vocabulary Banks: Verbs often confused
warn;v;/wɔːn/;I should  warn   you that it's always cold in that lecture hall. Take something warm!;advertir;File 7;Vocabulary Banks: Verbs often confused
win;v;/wɪn/;Did Manchester United  win  the match? ~ Yes, they won 5–2!;ganar;File 7;Vocabulary Banks: Verbs often confused
wish;v;/wɪʃ/;I  wish  I was a bit taller!;ojalá;File 7;Vocabulary Banks: Verbs often confused
ankle;n;/ˈæŋkl/;I sprained my  ankle  playing football.;tobillo;File 7;Vocabulary Banks: The body
bite your nails;;/baɪt jɔː neɪlz/;Do you  bite your nails  when you’re nervous?;morderse las uñas;File 7;Vocabulary Banks: The body
blow your nose;;/bləʊ jɔː nəʊz/;Here’s a tissue to  blow your nose .;sonarse la nariz;File 7;Vocabulary Banks: The body
bottom;n;/ˈbɒtəm/;My bike saddle is uncomfortable and it hurts my  bottom !;trasero;File 7;Vocabulary Banks: The body
brain;n;/breɪn/;Is it true we only use 25% of our  brain ?;cerebro;File 7;Vocabulary Banks: The body
brush your hair;;/brʌʃ jɔː heə/;You need to  brush your hair  before school. It looks untidy.;cepillarse el pelo;File 7;Vocabulary Banks: The body
brush your teeth;;/brʌʃ jɔː tiːθ/;Brush your teeth  before you go to bed.;lavarse los dientes;File 7;Vocabulary Banks: The body
calf;n;/kɑːf/;I pulled my  calf  muscle running.;pantorrilla;File 7;Vocabulary Banks: The body
cheek;n;/tʃiːk/;Their  cheeks  are really red after running.;mejilla;File 7;Vocabulary Banks: The body
chest;n;/tʃest/;You're much taller than me. My head is level with your  chest .;pecho;File 7;Vocabulary Banks: The body
chew;v;/tʃuː/;The steak was tough and difficult to  chew .;masticar;File 7;Vocabulary Banks: The body
chin;n;/tʃɪn/;He has got a small beard on his  chin .;barbilla;File 7;Vocabulary Banks: The body
comb your hair;;/kəʊm jɔː heə/;I  comb my hair , but it just won't lie flat.;peinarse;File 7;Vocabulary Banks: The body
elbow;n;/ˈelbəʊ/;The bus was crowded. I couldn't help touching people with my  elbows .;codo;File 7;Vocabulary Banks: The body
eye;n;/aɪ/;She closed one  eye  and opened it again in a slow wink.;ojo;File 7;Vocabulary Banks: The body
eyebrow;n;/ˈaɪbraʊ/;Your  eyebrows  usually match the colour of your hair.;ceja;File 7;Vocabulary Banks: The body
eyelash;n;/ˈaɪlæʃ/;Wow! Your  eyelashes  are so long. They're really striking.;pestaña;File 7;Vocabulary Banks: The body
eyelid;n;/ˈaɪlɪd/;She put deep blue makeup on her  eyelids .;párpado;File 7;Vocabulary Banks: The body
fist;n;/fɪst/;She closed her hand into a  fist  and hit the punchbag.;puño;File 7;Vocabulary Banks: The body
fold your arms;;/fəʊld jɔː ɑːmz/;Fold your arms  – it will keep you warmer.;cruzarse de brazos;File 7;Vocabulary Banks: The body
forehead;n;/ˈfɔːhed/;Most of my wrinkles are on my  forehead .;frente;File 7;Vocabulary Banks: The body
frown;v;/fraʊn/;The train was late. I  frowned  because I was annoyed, but there was nothing I could do.;fruncir el ceño;File 7;Vocabulary Banks: The body
heart;n;/hɑːt/;My  heart  was beating so fast after that race.;corazón;File 7;Vocabulary Banks: The body
heel;n;/hiːl/;Don't walk so close to me! You stood on my  heel .;tacón;File 7;Vocabulary Banks: The body
hip;n;/hɪp/;My grandmother broke her  hip  and had to go to hospital.;cadera;File 7;Vocabulary Banks: The body
hold someone's hand;;/həʊld sʌmwʌnz hænd/;I told my son to  hold my hand  while we crossed the road.;coger a alguien de la mano;File 7;Vocabulary Banks: The body
hug;v;/hʌɡ/;When we meet we always  hug  each other.;abrazar;File 7;Vocabulary Banks: The body
kidneys;n pl;/ˈkɪdnɪz/;The  kidneys  help clean the blood.;riñón;File 7;Vocabulary Banks: The body
knee;n;/niː/;Ouch! I hit my  knee  on the edge of that coffee table.;rodilla;File 7;Vocabulary Banks: The body
kneel;v;/niːl/;Can you  kneel  on the ground and take the photograph from a new angle?;arrodillarse;File 7;Vocabulary Banks: The body
lips;n pl;/lɪps/;Put the flute to your  lips  and blow gently into it.;labio;File 7;Vocabulary Banks: The body
liver;n;/ˈlɪvə/;The  liver  is part of your digestive system and does many essential things in your body.;hígado;File 7;Vocabulary Banks: The body
lungs;n pl;/lʌŋz/;Take a deep breath! Fill your  lungs  with this fresh air.;pulmón;File 7;Vocabulary Banks: The body
nails;n pl;/neɪlz/;I like the colour you've painted your  nails . They look really nice.;uñas;File 7;Vocabulary Banks: The body
neck;n;/nek/;Wrap a scarf around your  neck . It's cold today.;cuello;File 7;Vocabulary Banks: The body
palm;n;/pɑːm/;Some people think that the lines on your  palm  can tell you about your life.;palma;File 7;Vocabulary Banks: The body
point;v;/pɔɪnt/;If you don’t know the word for something, just  point  at what you want.;señalar;File 7;Vocabulary Banks: The body
raise your eyebrows;;/reɪz jɔː ˈaɪbraʊz/;Why did you  raise your eyebrows  when he said that?;levantar las cejas;File 7;Vocabulary Banks: The body
scratch;v;/skrætʃ/;Don't  scratch  that mosquito bite. You'll make it worse.;rascar;File 7;Vocabulary Banks: The body
shake hands;;/ʃeɪk hændz/;In my office we usually  shake hands  when we meet people.;darse la mano;File 7;Vocabulary Banks: The body
shake your head;;/ʃeɪk jɔː hed/;Nod if you agree or  shake your head  if you don’t.;negar con la cabeza;File 7;Vocabulary Banks: The body
shrug your shoulders;;/ʃrʌɡ jɔː ˈʃəʊldəz/;Do you  shrug your shoulders  when you don’t know the answer?;encogerse de hombros;File 7;Vocabulary Banks: The body
stare;v;/steə/;The painting was so strange that I  stared  at it for a long time.;mirar fijamente;File 7;Vocabulary Banks: The body
stretch;v;/stretʃ/;It's important to  stretch  before and after doing exercise.;estirar(se);File 7;Vocabulary Banks: The body
stubble;n;/ˈstʌbl/;I need to shave this  stubble  or grow it into a beard. I can't decide which to do.;vello;File 7;Vocabulary Banks: The body
suck your thumb;;/sʌk jɔː θʌm/;Did you  suck your thumb  when you were young?;chuparse el dedo;File 7;Vocabulary Banks: The body
thigh;n;/θaɪ/;Horseriders often have strong muscles in their  thighs .;muslo;File 7;Vocabulary Banks: The body
touch your toes;;/tʌtʃ jɔː təʊz/;You know you’re getting old when you can’t  touch your toes .;tocarse los dedos de los pies;File 7;Vocabulary Banks: The body
waist;n;/weɪst/;What  waist  size are your trousers?;cintura;File 7;Vocabulary Banks: The body
wave;v;/weɪv/;The children  waved  to their grandparents when they left.;saludar;File 7;Vocabulary Banks: The body
wink;v;/wɪŋk/;He  winked  at me to show that he was only joking.;guiñar el ojo;File 7;Vocabulary Banks: The body
wrinkles;n pl;/ˈrɪŋklz/;Most of my  wrinkles  are on my forehead.;arruga;File 7;Vocabulary Banks: The body
wrist;n;/rɪst/;I can’t play tennis. I’ve hurt my  wrist .;muñeca;File 7;Vocabulary Banks: The body
yawn;v;/jɔːn/;It’s rude to  yawn  without covering your mouth.;bostezar;File 7;Vocabulary Banks: The body
accuse;v;/əˈkjuːz/;They were  accused  of armed robbery and car theft.;acusar;File 8;Vocabulary Banks: Crime and punishment
acquit;v;/əˈkwɪt/;The defendants were  acquitted  and allowed to go free.;absolver;File 8;Vocabulary Banks: Crime and punishment
arrest;v;/əˈrest/;The vandals were immediately  arrested  and taken to the police station.;detener;File 8;Vocabulary Banks: Crime and punishment
blackmail;v;/ˈblækmeɪl/;She tried to  blackmail  the celebrity by threatening to sell photos to the press.;chantajear;File 8;Vocabulary Banks: Crime and punishment
bribery;n;/ˈbraɪbəri/;They got the contract by using  bribery .;sobornar;File 8;Vocabulary Banks: Crime and punishment
burglary;n;/ˈbɜːɡləri/;The  burglary  was very upsetting for the people who lived there.;robo (de una casa);File 8;Vocabulary Banks: Crime and punishment
catch;v;/kætʃ/;The police were able to  catch  the criminals as they tried to escape.;atrapar;File 8;Vocabulary Banks: Crime and punishment
charge;v;/tʃɑːdʒ/;Two people were questioned by the police and  charged  with armed robbery.;acusar;File 8;Vocabulary Banks: Crime and punishment
commit;v;/kəˈmɪt/;Two people  committed  a crime. They robbed a bank and stole a car.;cometer;File 8;Vocabulary Banks: Crime and punishment
court;n;/kɔːt/;The defendants appeared in  court .;tribunal;File 8;Vocabulary Banks: Crime and punishment
drug dealing;n;/drʌɡ ˈdiːlɪŋ/;Drug dealing  involves selling any illegal drug.;tráfico de drogas;File 8;Vocabulary Banks: Crime and punishment
evidence;n;/ˈevɪdəns/;The jury of twelve people looked at and heard all the  evidence .;prueba;File 8;Vocabulary Banks: Crime and punishment
fraud;n;/drʌɡ ˈdiːlɪŋ/;He committed  fraud  by using other people’s identities.;fraude;File 8;Vocabulary Banks: Crime and punishment
guilty;adj;/ˈɡɪlti/;The jury decided that the defendant was  guilty  of the crime.;culpable;File 8;Vocabulary Banks: Crime and punishment
hacking;n;/hækɪŋ/;Computer  hacking  can enable people to steal information.;hackeo;File 8;Vocabulary Banks: Crime and punishment
hijacking;n;/ˈhaɪdʒækɪŋ/;The  hijacking  of the plane forced the airport to close.;secuestrar;File 8;Vocabulary Banks: Crime and punishment
innocent;adj;/ˈɪnəsnt/;The jury decided that the defendant was  innocent .;inocente;File 8;Vocabulary Banks: Crime and punishment
investigate;v;/ɪnˈvestɪɡeɪt/;The police  investigated  the crime.;investigar;File 8;Vocabulary Banks: Crime and punishment
judge;n;/dʒʌdʒ/;The  judge  decided what the punishment should be.;juez;File 8;Vocabulary Banks: Crime and punishment
jury;n;/ˈdʒʊəri/;The  jury  of twelve people looked at and heard all the evidence.;jurado;File 8;Vocabulary Banks: Crime and punishment
kidnapping;n;/ˈkɪdnæpɪŋ/;The  kidnapping  was an attempt to get money from the wealthy family.;secuestro;File 8;Vocabulary Banks: Crime and punishment
mugging;n;/ˈmʌɡɪŋ/;The  mugging  happened on a busy city street at night.;asalto;File 8;Vocabulary Banks: Crime and punishment
murder;n;/ˈmɜːdə/;He went to prison for the  murder  of a woman.;asesinato;File 8;Vocabulary Banks: Crime and punishment
proof;n;/pruːf/;There was no  proof  that the defendants had committed the crime.;prueba;File 8;Vocabulary Banks: Crime and punishment
punishment;n;/ˈpʌnɪʃmənt/;The judge decided what the  punishment  should be.;castigo;File 8;Vocabulary Banks: Crime and punishment
question;v;/ˈkwestʃən/;The police  questioned  them for ten hours.;interrogar;File 8;Vocabulary Banks: Crime and punishment
rape;n;/reɪp/;Three women accused the man of  rape  and the case went to court.;violación;File 8;Vocabulary Banks: Crime and punishment
robbery;n;/ˈrɒbəri/;Robbery  usually is violent and involves a weapon.;robo;File 8;Vocabulary Banks: Crime and punishment
sentence;v;/ˈsentəns/;The judge  sentenced  the criminals to ten years in prison.;sentencia;File 8;Vocabulary Banks: Crime and punishment
smuggling;n;/ˈsmʌɡlɪŋ/;Smuggling  involves taking illegal products from one country to another.;contrabando;File 8;Vocabulary Banks: Crime and punishment
stalking;n;/ˈstɔːkɪŋ/;Stalking  can happen physically or on the internet.;acoso;File 8;Vocabulary Banks: Crime and punishment
terrorism;n;/ˈterərɪzəm/;People debated whether the crime was an act of  terrorism .;terrorismo;File 8;Vocabulary Banks: Crime and punishment
theft;n;/θeft/;The  theft  was very stressful for the victim.;robo;File 8;Vocabulary Banks: Crime and punishment
vandalism;n;/ˈvændəlɪzəm/;Some people say   graffiti is art, but others say it is  vandalism .;vandalismo;File 8;Vocabulary Banks: Crime and punishment
verdict;n;/ˈvɜːdɪkt/;The jury reached their  verdict  after two days.;veredicto;File 8;Vocabulary Banks: Crime and punishment
witness;n;/ˈwɪtnəs/;The  witness  told the court what they had seen.;testigo;File 8;Vocabulary Banks: Crime and punishment
accurate;adj;/ˈækjərət/;The film review was quite  accurate . It said the plot was poor but the acting was good, which was true.;preciso;File 8;Vocabulary Banks: The media
agony aunt;n;/ˈæɡəni ɑːnt/;An  agony aunt  writes in a newspaper or magazine, giving advice to people in reply to their letters.;columnista de consultorio sentimental;File 8;Vocabulary Banks: The media
axe;v;/æks/;Thousands of jobs were  axed  by UK firms.;perder (empleos);File 8;Vocabulary Banks: The media
back;v;/bæk/;The Prime Minister has  backed  the   Chancellor in the latest scandal.;respaldar;File 8;Vocabulary Banks: The media
biased;adj;/ˈbaɪəst/;The news on this channel is really  biased . They have a very strong political opinion.;parcial;File 8;Vocabulary Banks: The media
bid;v;/bɪd/;The headline read: 'Astronaut  bids  to be first person on Mars'.;intentar;File 8;Vocabulary Banks: The media
censored;adj;/ˈækjərət/;I think the report was  censored . The newspaper wasn’t allowed to publish all the details.;censurado;File 8;Vocabulary Banks: The media
clash;v;/klæʃ/;Ministers  clash  over new car tax proposal.;discutir;File 8;Vocabulary Banks: The media
commentator;n;/ˈkɒmənteɪtə/;A  commentator  is a person who describes a sports event on TV or radio while it’s happening.;comentarista;File 8;Vocabulary Banks: The media
critic;n;/ˈkrɪtɪk/;A  critic  is a person who writes a review about the good / bad qualities of books, concerts, theatre, films, etc.;crítico;File 8;Vocabulary Banks: The media
editor;n;/ˈedɪtə/;An  editor  is a person in charge of a newspaper or magazine, or part of one, and decides what should be in it.;editor;File 8;Vocabulary Banks: The media
freelance journalist;n;/ˈfriːlɑːns ˈdʒɜːnəlɪst/;A  freelance journalist  writes articles for different papers and is not employed by any one paper.;periodista freelance;File 8;Vocabulary Banks: The media
hit;v;/hɪt/;The stock market has been  hit  by oil price fears.;afectar;File 8;Vocabulary Banks: The media
newsreader;n;/ˈnjuːzriːdə/;A  newsreader  reads the news on TV or radio.;presentador de noticias;File 8;Vocabulary Banks: The media
objective;adj;/əbˈdʒektɪv/;I want to be  objective  and base my decision on facts, not feelings.;objetivo;File 8;Vocabulary Banks: The media
paparazzi;n;/pæpəˈrætsi/;The  paparazzi  follow famous people around to get photos of them to sell to newspapers and magazines.;paparazzi;File 8;Vocabulary Banks: The media
presenter;n;/prɪˈzentə/;A  presenter  introduces the different sections of a radio or TV programme.;presentador;File 8;Vocabulary Banks: The media
quit;v;/kwɪt/;He  quit  his job because he wanted to go travelling.;dimitir (de);File 8;Vocabulary Banks: The media
quiz;v;/kwɪz/;The police  quizzed  the witness in the murder trial.;interrogar;File 8;Vocabulary Banks: The media
reporter;n;/rɪˈpɔːtə/;A  reporter  collects and reports news for newspapers, radio or TV.;reportero;File 8;Vocabulary Banks: The media
row;v;/raʊ/;They  rowed  over who should pay the restaurant bill.;discutir;File 8;Vocabulary Banks: The media
sensational;adj;/senˈseɪʃənl/;The reporting in the paper was very  sensational . It made the story seem more shocking than it really was.;sensacionalista;File 8;Vocabulary Banks: The media
split;v;/splɪt/;The celebrity  split  from with his wife after her affair.;separarse;File 8;Vocabulary Banks: The media
tip;v;/tɪp/;A first-time director was  tipped  to win the major award.;predecir;File 8;Vocabulary Banks: The media
vow;v;/vaʊ/;The social media star  vowed  she wouldn't disappoint her fans again.;prometer;File 8;Vocabulary Banks: The media
wed;v;/wed/;The famous singer  wed  her make-up artist last year.;casarse (con);File 8;Vocabulary Banks: The media
advertising campaign;n;/ˈædvətaɪzɪŋ kæmˈpeɪn/;The company ran a successful  advertising campaign .;campaña de publicidad;File 9;Advertising
advertisments;n pl;/ˈædvɜːtɪzments/;The marketing department created the series of  advertisments .;anuncios;File 9;Advertising
brand;n;/brænd/;The  brand  became famous because of a powerful advertising campaign.;marca;File 9;Advertising
claims;n pl;/kleɪmz/;The advert made  claims  that the product would help you become stronger.;afirmar;File 9;Advertising
consumers;n pl;/kənˈsjuːməz/;Consumers  are spending their money carefully.;consumidor;File 9;Advertising
misleading;adj;/ˌmɪsˈliːdɪŋ/;Companies can be sued for  misleading  advertisments.;engañoso;File 9;Advertising
publicity;n;/pʌbˈlɪsəti/;The company hoped to get a lot of good  publicity  by demonstrating their product.;publicidad;File 9;Advertising
slogan;n;/ˈsləʊɡən/;A memorable  slogan  is very important in advertising.;eslogan;File 9;Advertising
sue;v;/suː/;The company threatened to  sue  the journalists who had published stories about it.;demandar;File 9;Advertising
any other business;;/ˈeni ˈʌðə ˈbɪznəs/;It's almost the end of the meeting. Is there  any other business ?;algún otro tema;File 9;Vocabulary Banks: Business
become the market leader;;/bɪˈkʌm ðə ˈmɑːkɪt ˈliːdə/;The company set out to  become the market leader  and grew rapidly.;convertirse en el líder del mercado;File 9;Vocabulary Banks: Business
boom;n;/buːm/;The economic  boom  helped many people to improve their lives.;explosión;File 9;Vocabulary Banks: Business
branch;n;/brɑːntʃ/;This chain of shops has  branches  in many cities around the world.;sucursal;File 9;Vocabulary Banks: Business
chain;n;/tʃeɪn/;It's a large  chain  of shops with branches in many major cities.;cadena;File 9;Vocabulary Banks: Business
close down;phr v;/kləʊz daʊn/;The company had to  close down  after two hundred years in business.;cerrar;File 9;Vocabulary Banks: Business
do a deal;;/duː ə diːl/;I want to  do a deal  with you to trade in my old car when I buy a new one.;hacer un trato;File 9;Vocabulary Banks: Business
do a job;;/duː ə dʒɒb/;Do a job  well and you’ll get promoted.;hacer un trabajo;File 9;Vocabulary Banks: Business
do badly;;/duː ˈbædli/;I think companies will  do badly  because of economic problems.;ir mal;File 9;Vocabulary Banks: Business
do business;;/duː ˈbɪznəs/;Many companies  do business  in a variety of countries.;hacer negocios;File 9;Vocabulary Banks: Business
do market research;;/duː ˌmɑːkɪt rɪˈsɜːtʃ/;Many companies  do market research  to find out more about their customers.;hacer un estudio de mercado;File 9;Vocabulary Banks: Business
do well;;/duː wel/;If I  do well  I might make more money.;hacer (algo) bien;File 9;Vocabulary Banks: Business
drop;v;/drɒp/;The standard of living will  drop  if we have a recession.;disminuir;File 9;Vocabulary Banks: Business
expand;v;/ɪkˈspænd/;The company is set to  expand  later in the year and take on more staff.;expandir(se);File 9;Vocabulary Banks: Business
export;v;/ɪkˈspɔːt/;They  export  the product around the world.;exportar;File 9;Vocabulary Banks: Business
flop;n;/flɒp/;The product was a complete  flop . Hardly anyone bought it.;fracaso;File 9;Vocabulary Banks: Business
get down to business;phr;/ɡet daʊn tu ˈbɪznəs/;Let's  get down to business . We can't waste any time.;ponerse a trabajar;File 9;Vocabulary Banks: Business
go out of business;;/ɡəʊ aʊt ɒv ˈbɪznəs/;My favourite local café  went out of business  last winter.;quebrar (negocio);File 9;Vocabulary Banks: Business
grow;v;/ɡrəʊ/;Our company hopes to  grow  by 5% next year.;crecer;File 9;Vocabulary Banks: Business
head office;;/hed ˈɒfɪs/;The company has branches in many British cities, but the  head office  is in London.;sede central;File 9;Vocabulary Banks: Business
import;v;/ɪmˈpɔːt/;Our country  imports  most of its oil.;importar;File 9;Vocabulary Banks: Business
launch;n;/lɔːntʃ/;The  launch  of the new phone is next week.;lanzamiento;File 9;Vocabulary Banks: Business
make a decision;;/duː ˈbɪznəs/;I have to  make a decision  before the end of the day.;tomar una decisión;File 9;Vocabulary Banks: Business
make a loss;;/meɪk ə lɒs/;The large company  made a los s for the first time this year.;tener pérdidas;File 9;Vocabulary Banks: Business
make a profit;;/meɪk ə ˈprɒfɪt/;I think my business will  make a profit  this year.;tener beneficios;File 9;Vocabulary Banks: Business
make money;;/meɪk ˈmʌni/;I need to  make money  quickly.;ganar dinero;File 9;Vocabulary Banks: Business
make (sb) redundant;;/meɪk rɪˈdʌndənt/;When you  make someone redundant  it’s important to manage it effectively.;despedir (a alguien) por exceso de personal;File 9;Vocabulary Banks: Business
manufacture;v;/mænjʊˈfæktʃə/;China  manufactures  many products for the world.;fabricar;File 9;Vocabulary Banks: Business
mean business;phr;/miːn ˈbɪznəs/;You should take them seriously – they  mean business .;actuar en serio;File 9;Vocabulary Banks: Business
merge;v;/mɜːdʒ/;The two companies will  merge  to create one large company.;fusionar(se);File 9;Vocabulary Banks: Business
mind your own business;phr;/maɪnd jɔː əʊnˈbɪznəs/;What's in your bag? ~  Mind your own business !;meterse en sus asuntos;File 9;Vocabulary Banks: Business
mix business with pleasure;;/mɪks ˈbɪznəs wɪð ˈpleʒə/;I'm going to a conference, but I'll  mix   business with pleasure  and also go sightseeing.;mezclar negocios y placer;File 9;Vocabulary Banks: Business
none of your business;;/nʌn ɒv jɔː ˈbɪznəs/;What are you thinking about? ~  None of your business . Don't be so nosy!;no es asunto tuyo;File 9;Vocabulary Banks: Business
produce;v;/prəˈdjuːs/;The region  produces  most of the world's supply of oil.;producir;File 9;Vocabulary Banks: Business
recession;n;/rɪˈseʃn/;Many companies failed because of the  recession  and many people lost their jobs.;recesión;File 9;Vocabulary Banks: Business
set up;phr v;/set ʌp/;The company was  set up  in 1990.;fundar(se);File 9;Vocabulary Banks: Business
take over;phr v;/teɪk ˈəʊvə/;The larger company wants to  take over  our smaller company.;absorber;File 9;Vocabulary Banks: Business
unfinished business;;/ʌnˈfɪnɪʃt ˈbɪznəs/;I've got some  unfinished business  with the company. I'm still arguing with them.;asunto pendiente;File 9;Vocabulary Banks: Business
absence;n;/ˈæbsəns/;Her  absence  was noted by the teacher.;ausencia;File 9;Vocabulary Banks: Word building
abundance;n;/əˈbʌndəns/;The city is famous for its  abundance  of parks and plazas.;abundancia;File 9;Vocabulary Banks: Word building
accommodation;n;/əˌkɒməˈdeɪʃn/;Accommodation  for tourists can be very expensive in London.;alojamiento;File 9;Vocabulary Banks: Word building
alcoholism;n;/ˈælkəhɒlɪzəm/;Alcoholism  is a growing problem as drink becomes cheaper.;alcoholismo;File 9;Vocabulary Banks: Word building
antisocial;adj;/ˌæntiˈsəʊʃl/;Vandalism, especially breaking public property, is  antisocial  behaviour.;antisocial;File 9;Vocabulary Banks: Word building
autopilot;adj;/ˈɔːtəʊ ˈpaɪlət/;The pilot put the plane on  autopilot  for most of the flight.;piloto automático;File 9;Vocabulary Banks: Word building
belief;n;/bɪˈliːf/;It's my  belief  that this news story isn't entirely true.;creencia;File 9;Vocabulary Banks: Word building
bilingual;adj;/ˌbaɪˈlɪŋɡwəl/;"Many people in Montreal are  bilingual ; they speak both French and English.";bilingüe;File 9;Vocabulary Banks: Word building
brotherhood;n;/ˈbrʌðəhʊd/;Brotherhood  is sometimes used a general term for the friendship between groups of people.;fraternidad;File 9;Vocabulary Banks: Word building
bulletproof;adj;/ˈbʊlɪtpruːf/;The windows of the president's car are made of  bulletproof  glass.;a prueba de balas;File 9;Vocabulary Banks: Word building
careful;adj;/ˈhəʊpləs/;Be  careful  how you drive!;tener cuidado;File 9;Vocabulary Banks: Word building
childhood;n;/ˈtʃaɪldhʊd/;Childhood  was my favourite time in my life.;infancia;File 9;Vocabulary Banks: Word building
coldness;n;/ˈkəʊldnəs/;The  coldness  hit me as soon as I walked outside.;frío;File 9;Vocabulary Banks: Word building
connection;n;/kəˈnekʃn/;The  connection  between diet and health is well-known.;relación;File 9;Vocabulary Banks: Word building
convenience;n;/kənˈviːniəns/;I live here because of the  convenience  of the buses and trains.;comodidad;File 9;Vocabulary Banks: Word building
death;n;/deθ/;My uncle’s  death  was difficult for me.;muerte;File 9;Vocabulary Banks: Word building
development;n;/dɪˈveləpmənt/;There are major plans for the  development  of the town, with 600 new houses.;desarrollo;File 9;Vocabulary Banks: Word building
distance;n;/ˈdɪstəns/;The average  distance  that commuters in the UK travel to work is 8.5 miles.;distancia;File 9;Vocabulary Banks: Word building
employment;n;/ɪmˈplɔɪmənt/;How easy is it to find  employment  in your city?;trabajo;File 9;Vocabulary Banks: Word building
entertainment;n;/ˌentəˈteɪnmənt/;New York has a huge range of  entertainment , from Broadway shows to top sporting events.;entretenimiento;File 9;Vocabulary Banks: Word building
excitement;n;/ɪkˈsaɪtmənt/;The  excitement  at the end of the game was amazing.;emoción;File 9;Vocabulary Banks: Word building
expectation;n;/ˌekspekˈteɪʃn/;Do you have any  expectations  about what you will learn on this course?;expectativa;File 9;Vocabulary Banks: Word building
friendliness;n;/ˈfrendlinəs/;The  friendliness  of the people was wonderful – they were so welcoming.;amabilidad;File 9;Vocabulary Banks: Word building
government;n;/ˈɡʌvənmənt/;The country has elected a new  government .;gobierno;File 9;Vocabulary Banks: Word building
heat;n;/hiːt/;The  heat  was too much for me. I had to go inside.;calor;File 9;Vocabulary Banks: Word building
height;n;/haɪt/;You might have to tell the doctor your  height  and weight.;altura;File 9;Vocabulary Banks: Word building
homeless;adj;/ˈhəʊmləs/;There are a lot of  homeless  people in this city.;sin techo;File 9;Vocabulary Banks: Word building
hopeless;adj;/ˈhəʊpləs/;The situation is  hopeless . There's nothing I can do to help.;desesperado;File 9;Vocabulary Banks: Word building
hunger;n;/ˈhʌŋɡə/;Hunger  is a big problem in the country because of the poor harvest.;hambre;File 9;Vocabulary Banks: Word building
ignorance;n;/ˈɪɡnərəns/;I'm surprised by their  ignorance  about the topic. It's been in the news for weeks.;ignorancia;File 9;Vocabulary Banks: Word building
improvement;n;/ɪmˈpruːvmənt/;The  improvement  in the system really helped the company.;mejora;File 9;Vocabulary Banks: Word building
intention;n;/ɪnˈtenʃn/;It's my  intention  to leave the company at the end of the month.;intención;File 9;Vocabulary Banks: Word building
loneliness;n;/ˈləʊnlinəs/;Loneliness  is often a problem in large cities where people don't know each other.;soledad;File 9;Vocabulary Banks: Word building
loss;n;/lɒs/;The financial  loss  was a problem for the company.;pérdida;File 9;Vocabulary Banks: Word building
megacity;n;/ˈmeɡəsɪti/;Tokyo is one of the world's  megacities .;megaciudad;File 9;Vocabulary Banks: Word building
misunderstood;adj;/ˌmɪsʌndəˈstʊd/;This idea is often  misunderstood , but it's a very simple idea.;entender mal;File 9;Vocabulary Banks: Word building
modernism;n;/ˈmɒdənɪzəm/;There's a chilly  modernism  in the new concrete buildings.;modernismo;File 9;Vocabulary Banks: Word building
monorail;n;/ˈmɒnəʊreɪl/;Is that a train? No, it only has one track. It's a  monorail .;monorraíl;File 9;Vocabulary Banks: Word building
multicultural;adj;/ˌmʌltiˈkʌltʃərəl/;London is a very  multicultural  city, with people of many different races and religions.;multicultural;File 9;Vocabulary Banks: Word building
neighbourhood;n;/ˈneɪbəhʊd/;I don't know my city well, yet. I just know my little  neighbourhood .;barrio;File 9;Vocabulary Banks: Word building
overcrowded;adj;/ˌəʊvəˈkraʊdɪd/;The city is completely  overcrowded . It's difficult to find anywhere to live.;superpoblado;File 9;Vocabulary Banks: Word building
pollution;n;/pəˈluːʃn/;Pollution  is a terrible problem in this city.;contaminación;File 9;Vocabulary Banks: Word building
postgraduate;adj;/ˌpəʊstˈɡrædʒuət/;I'm doing a  postgraduate  degree in aeronautical engineering.;posgrado;File 9;Vocabulary Banks: Word building
more or less;;/mɔː ɔː les/;Are we finished? ~  More or less . It'll only take ten minutes to finish.;más o menos;File 10;Collocation: word pairs
now and again;;/naʊ ən əˈɡeɪn/;I drink coffee  now and again , but not regularly.;de vez en cuando;File 10;Collocation: word pairs
now or never;;/naʊ ɔː ˈnevə/;I wasn't sure if I could learn to skydive, but I told myself it was  now or never !;ahora o nunca;File 10;Collocation: word pairs
once or twice;;/wʌns ɔː twaɪs/;Have you been there? ~  Once or twice –  it's a nice city.;una o dos veces;File 10;Collocation: word pairs
peace and quiet;;/piːs ən ˈkwaɪət/;I'd love a bit of  peace and quiet . It's so noisy here.;paz y tranquilidad;File 10;Collocation: word pairs
pros and cons;;/prəʊz ən kɒnz/;What are the  pros and cons  of moving to this city?;pros y contras;File 10;Collocation: word pairs
rain or shine;;/reɪn ɔː ʃaɪn/;We're going to visit this castle come  rain or shine . I've decided.;llueva o truene;File 10;Collocation: word pairs
right or wrong;;/raɪt ɔː rɒŋ/;Right or wrong , I've made my decision now. It's final.;para bien o para mal;File 10;Collocation: word pairs
safe and sound;;/seɪf ən saʊnd/;Despite flying through a storm we arrived  safe and sound .;sano y salvo;File 10;Collocation: word pairs
short and sweet;;/ʃɔːt ən swiːt/;Well, that report was  short and sweet . You summed it up well.;bueno y breve;File 10;Collocation: word pairs
sick and tired;;/sɪk ən ˈtaɪəd/;I’m  sick and tired  of hearing you complain.;harto;File 10;Collocation: word pairs
sooner or later;;/ˈsuːnə ɔː ˈleɪtə/;I'll be there  sooner or later . I'm not sure exactly when.;tarde o temprano;File 10;Collocation: word pairs
supply and demand;;/səˈplaɪ ən dɪˈmɑːnd/;The shops stock popular items because of  supply and demand .;oferta y demanda;File 10;Collocation: word pairs
thunder and lightning;;/ˈθʌndə ən ˈlaɪtnɪŋ/;The  thunder and lightning  are really dramatic. It's a huge storm!;rayos y truenos;File 10;Collocation: word pairs
touch and go;;/tʌtʃ ən ɡəʊ/;Will we finish it on time? ~ I don't know…it's  touch and go !;nunca se sabe;File 10;Collocation: word pairs
wait and see;;/weɪt ən siː/;You’ll have to  wait and see  what’s for lunch.;espera y verás;File 10;Collocation: word pairs
